0.284870763232276,0.0154261151730414,"1"
0.259660117960634,0.0269443865318013,"1"
0.526820842941303,0.668220818808866,"2"
-0.271091781481679,-0.289564380780527,"2"
0.45259652148366,0.544290511436525,"2"
0.269643857218806,0.0275473427214165,"1"
0.284484669744678,0.0271065507964817,"1"
0.329020658858441,0.0194027612075398,"1"
0.28380239601445,0.0349170699439598,"1"
0.334000353895886,0.0271745127159539,"1"
0.735230941946588,0.130806287594132,"2"
0.331979863934101,0.0321217439873525,"1"
0.386901982288582,0.0255383806421631,"1"
0.35653127684434,-0.372135366519841,"2"
0.312575488645882,0.0446903859896285,"1"
0.373683432971905,0.0383006504174607,"1"
-0.911664416724306,0.497881402390968,"2"
0.305134715321536,0.0542400686150132,"1"
0.401769736895621,0.0442959113594212,"1"
0.42805852565642,-0.428188882148564,"2"
0.391336014343242,0.051083037596135,"1"
0.319296209041063,0.0648089415813868,"1"
0.275886735591988,0.0735829851928871,"1"
0.567903138907079,0.305921711264294,"2"
0.301172556548546,0.0749957961225085,"1"
-0.234404794576898,-0.340363484383512,"2"
-0.927791015524332,0.343767239682481,"2"
0.665617764404899,0.290477694320726,"2"
0.568280835323685,-0.364443015916139,"2"
-0.314610542996,-0.00595964926131963,"2"
-0.134268789205366,-0.49090629733488,"2"
0.592081943699714,0.370055524657245,"2"
0.39564530004044,0.0718379127882773,"1"
0.234881412268688,0.0872266335673105,"1"
0.43109654020273,0.0807847851541396,"1"
0.353215269419703,0.0893685995387537,"1"
0.111638473866171,0.847634573707016,"2"
0.518525213789287,-0.20009641904685,"2"
0.379081260256819,0.0935934071104415,"1"
-0.303071740502314,-0.271827445839946,"2"
-0.0815061885906566,-0.612500933712822,"2"
-0.904365264303534,0.265866322615245,"2"
0.410516872806311,0.0984876672101489,"1"
0.332054950035096,0.103656157076716,"1"
0.349347988222476,0.10852874073717,"1"
0.345247445368891,0.113193377286929,"1"
-0.303251339266601,-0.0383145014124917,"2"
0.382899350665039,0.11968976173269,"1"
0.111187922072526,0.702514597428148,"2"
0.36384867704023,-0.41019582335194,"2"
0.339396247932125,0.122391895107985,"1"
-0.649920724540468,0.605270577275159,"2"
0.762721076486138,-0.167879991039077,"2"
0.323059808620768,0.125925295633725,"1"
0.317804061598323,0.130001637903066,"1"
0.368294714040142,0.139559934406589,"1"
0.349781177017912,0.142653981264544,"1"
0.379318973065999,0.151412897553056,"1"
0.361564941462854,0.154324454286181,"1"
0.27418157835664,0.145970726796377,"1"
0.42510929360595,0.175541670554525,"1"
0.574668207709527,0.344001011205997,"2"
-0.465870084941778,0.72757853040531,"2"
-0.687332949089457,0.631238390086113,"2"
-0.304711629852398,-0.10768322482486,"2"
0.32573028554113,0.16353111846553,"1"
0.411807924958707,0.185322609318924,"1"
0.352352769180221,0.178864591432794,"1"
0.389566913468176,0.192539895106304,"1"
0.444885603287357,0.657769455083657,"2"
0.354397222598333,0.190000592000088,"1"
0.374134432782218,0.200432346300325,"1"
0.416597997196802,0.217572016628629,"1"
0.281125654442624,0.185762754016259,"1"
0.619645641946762,-0.304917018370596,"2"
0.357253964029103,0.212893618648185,"1"
-0.343609686136285,-0.0619551852658536,"2"
0.505008218636782,-0.328904609728997,"2"
0.303844251532193,0.201955208386878,"1"
0.370339845847629,0.228629454762614,"1"
0.286885296113564,0.206181075324645,"1"
0.374109901751951,0.242100709634655,"1"
0.326781538317074,0.230754578930995,"1"
0.344239941941548,0.78623545777305,"2"
-0.375378678280983,-0.178147263804269,"2"
0.0579789495447753,0.918133258442501,"2"
-0.349557491928404,0.000318465627025718,"2"
0.574022411278872,-0.253604264979196,"2"
0.474899000059016,0.53971406093562,"2"
0.394226379209908,0.262426182096372,"1"
-0.371159153587664,-0.129445873782261,"2"
0.328384056332642,0.242649471848175,"1"
0.333404220743965,0.250514063627392,"1"
0.314545430307955,0.2482643796339,"1"
0.372887787316999,0.280211987127948,"1"
0.288615003876018,0.24770077478391,"1"
0.278280531422617,0.248185050004274,"1"
0.342418197495138,-0.444753149186493,"2"
0.321140599045228,0.274947244163251,"1"
0.335346977227537,0.644420708987982,"2"
0.390793060900243,-0.387315657181964,"2"
0.434951574601364,0.339818133912873,"1"
0.286117023295077,0.26879023697724,"1"
0.357667018845441,0.313934077803128,"1"
0.299745242045065,0.772918726277815,"2"
0.285450492899175,0.28012485483869,"1"
-0.10409400060625,-0.458306869222091,"2"
0.314156780899421,0.302926398967379,"1"
0.387920889829209,0.354052535535921,"1"
0.363921769195427,0.347253531826458,"1"
0.729559153749814,-0.0766794693179572,"2"
0.724519450634264,0.0930732695218066,"2"
-0.937391987386887,0.163362819770245,"2"
0.549313200568731,-0.228230350109823,"2"
0.475657925417377,0.603948741152959,"2"
0.205917105105494,0.794530462876516,"2"
0.341737747722829,0.340876648912229,"1"
-0.0656193078491209,-0.460042379834369,"2"
0.255006409170695,0.291275802228353,"1"
0.593988782744699,0.410660048758681,"2"
0.291361364065903,0.321972484986454,"1"
0.264258340248464,0.309938661161405,"1"
0.260667362598703,0.313849478327206,"1"
-0.381219921816528,-0.290837850830963,"2"
0.154725474887816,-0.546453400491997,"2"
0.265229295502388,0.323778080149624,"1"
0.260934229611666,0.327324513552866,"1"
-0.225315320253009,-0.450974305680898,"2"
0.294479588420656,0.36036846860117,"1"
0.213110111625723,0.734337060240741,"2"
0.27083315654257,0.349174938504365,"1"
0.342043531453427,0.415266719845,"1"
0.134582617865973,-0.578707280713398,"2"
-0.988380865539702,0.15192817687487,"2"
0.246366038270115,0.343515032030968,"1"
0.204125626876448,0.314040153933042,"1"
0.26276451636365,0.372842795634099,"1"
0.224318003808377,0.345619281908248,"1"
0.200884910990067,0.33085448978661,"1"
0.289590165492156,0.423560691824444,"1"
0.639937626967602,0.380408749073104,"2"
0.696740965870553,0.10247992683175,"2"
0.623820398589176,0.306424722816238,"2"
0.2313599144575,0.375157952333301,"1"
0.490325853853874,-0.276187690275462,"2"
-0.297657082116822,-0.421992606093263,"2"
-0.920044954542384,0.285679122114259,"2"
0.25755601876219,0.410019209332607,"1"
0.248593252413969,0.409745119043752,"1"
-0.256998345552577,-0.317701940002263,"2"
-0.157666613089409,0.803815587275546,"2"
-0.401395119264907,-0.232345560660753,"2"
0.23497314338353,0.404238082945296,"1"
0.239965310120094,0.418783561223935,"1"
0.660251118077162,0.00102106627066577,"2"
0.278607013751625,-0.52205576345753,"2"
-0.777733694648587,0.49084712636508,"2"
-0.9264995637504,0.111241842263648,"2"
-0.374824020291821,-0.172515955427395,"2"
0.174315585898807,0.353803807052918,"1"
0.640714617992673,0.11092022230828,"2"
0.254333601888983,0.454781523666145,"1"
0.19642280651306,0.396066111130436,"1"
0.185308931613608,0.391452571489417,"1"
0.234681600649218,0.691703966461659,"2"
0.21079159614779,0.432632198659369,"1"
0.392203717369649,-0.473619956207915,"2"
0.570598662562069,-0.137406424935205,"2"
0.219000513088949,0.724025244173349,"2"
0.193000405469717,0.419761614529736,"1"
0.206465748263288,0.447682916972668,"1"
-0.34064037035818,-0.122466060760353,"2"
0.228974205497166,0.489396105208289,"1"
-0.14866017847195,-0.439600476425191,"2"
-0.295920219336603,-0.099422905954438,"2"
0.523604125315892,-0.229038337908504,"2"
0.166372644200438,0.413276806278566,"1"
-0.0832354936309517,-0.427558416905815,"2"
0.145031841632025,0.392449472870174,"1"
0.166278928548853,0.433803546839167,"1"
0.120321671771646,0.374236452082665,"1"
0.153929977285693,0.436760011176631,"1"
0.148603729538075,0.439508593329305,"1"
0.157528015463429,0.466162824849553,"1"
0.162528023258531,0.487513138355392,"1"
0.140074884788873,0.461103636548851,"1"
-0.627110668652181,0.688125950625342,"2"
0.123663418692408,0.443959046015177,"1"
-0.325525351798566,0.874084297367316,"2"
0.475811962683548,0.590726016811793,"2"
0.134323271470993,0.476924062127683,"1"
0.100492047480075,0.424714753327258,"1"
0.136847508478303,0.510996967726884,"1"
-0.890883457323591,0.338873130409686,"2"
-0.363944789171019,-0.0301597933689273,"2"
0.095599453844623,0.440518572218198,"1"
-0.258988266135968,-0.171240923081272,"2"
-0.356943053571549,-0.143471012879443,"2"
-0.422296489904946,-0.0926545603378792,"2"
0.629179789041619,0.41733990924666,"2"
0.0953164484096176,0.453737409914497,"1"
0.0957430924362721,0.469357384567218,"1"
0.0611605475831008,0.404552226740174,"1"
0.424781169801221,-0.397715170334039,"2"
0.0673995460999815,0.433259065305213,"1"
0.133587556137096,0.808041724067783,"2"
0.11678298749913,0.572159829241449,"1"
-0.807728749547574,0.499587991328501,"2"
-0.319630808182943,-0.0819276506528767,"2"
0.0785697024258964,0.493770731267731,"1"
-0.136486616188047,-0.442506030756726,"2"
0.0527255780430637,0.442356384141971,"1"
0.0591252391581026,0.477547444180853,"1"
0.466573181120861,0.666579796086385,"2"
0.0699290331282376,0.528652603353229,"1"
-0.265708196376885,0.874023762601285,"2"
0.670441094935854,0.414809685938188,"2"
0.055782094021291,0.507403355959034,"1"
0.0564752118350956,0.531847963242541,"1"
0.623501602823999,-0.0580454428473145,"2"
-0.303772248469106,-0.034124236411087,"2"
0.598519582691844,-0.46991575739113,"2"
0.0321613187871986,0.474051092489559,"1"
0.0293667264678469,0.486646871827276,"1"
0.000777734428317044,0.404100655404016,"1"
0.0116673603664348,0.467947629728716,"1"
0.0209397622008878,0.532384119405708,"1"
0.0971717255821814,-0.531635574043055,"2"
-0.324401969564902,-0.359601786692338,"2"
0.00671448192127818,0.500611034932938,"1"
-0.0196549835883621,0.407378071928561,"1"
-0.0100681148488188,0.482314172159457,"1"
-0.204548623645328,-0.35596349712974,"2"
-0.00410097763441398,0.548631519040171,"1"
-0.281022549619655,0.833828061111255,"2"
-0.833470067411667,0.415690363673582,"2"
0.581514562987249,-0.176159062714906,"2"
-0.0306340029801341,0.435758836471753,"1"
-0.821682670719826,0.421965698119743,"2"
-0.712444938893816,0.589052514807832,"2"
-0.0246449107928413,0.509411936497118,"1"
-0.0379363182294013,0.46332468348499,"1"
-0.0681217056477979,-0.545393884265441,"2"
-0.0455183949429583,0.451301535227465,"1"
0.495535569216343,-0.330459956822475,"2"
0.375033015424584,-0.376241040603852,"2"
-0.0366147429479445,0.576293279047237,"1"
0.695591108117246,-0.0865504058843597,"2"
-0.0537407793337168,0.484313784439115,"1"
-0.273850824038473,-0.110873552947979,"2"
-0.281705406490657,-0.181438663658864,"2"
-0.0506753064550294,0.586405178529773,"1"
-0.0637979599171318,0.516177332826142,"1"
-0.0777146489800212,0.405441280490422,"1"
-0.0761907866955464,0.535612316126847,"1"
0.180873682493581,0.817397655804558,"2"
-0.315375461131603,-0.18066438440114,"2"
-0.0879586041203824,0.412341283971742,"1"
-0.0906872812154403,0.514192753723663,"1"
-0.0977544137197056,0.486066371549249,"1"
-0.311761934896775,-0.0280849822953192,"2"
-0.104124856507551,0.544208395552605,"1"
-0.11185162714236,0.588898829564151,"1"
-0.035407624282804,-0.561530506896694,"2"
-0.116876323792501,0.486364425844562,"1"
-0.130466831263636,0.668094013521712,"1"
0.59192400080549,0.236730494875363,"2"
-0.130107605548063,0.493590360078354,"1"
-0.139754492925486,0.540633509542923,"1"
-0.144423837695259,0.50848810851487,"1"
-0.14715204402069,0.464082615807374,"1"
0.312687603489891,0.713687695925431,"2"
-0.805101921434605,0.611780367970058,"2"
-0.163321810607224,0.558366317828508,"1"
-0.372567412450173,-0.229356341382733,"2"
-0.15983018627396,0.465152961609853,"1"
0.45817714610513,-0.367805346746484,"2"
-0.292095744593003,-0.0289629366910524,"2"
-0.172983929802654,0.51691643746785,"1"
-0.137645517309839,0.821412087188334,"2"
-0.302125819272943,-0.091172233718412,"2"
-0.171392747200721,0.457132374497278,"1"
-0.186559810621199,0.51308331079325,"1"
0.120268016460423,-0.614765373745811,"2"
-0.56841756038766,0.749771137623688,"2"
0.650986905262417,-0.135986590267653,"2"
-0.323207813004,-0.051365872260294,"2"
-0.0660325978728071,-0.415884208985275,"2"
-0.049161260155941,0.74486289881579,"2"
0.541655315346241,-0.38649924727349,"2"
-0.176184205786377,0.411197472444149,"1"
-0.210467074706936,0.565198135257065,"1"
-0.210533819343053,0.525688574927828,"1"
0.416312090845911,-0.340561864556632,"2"
-0.508223414867688,0.609399187631455,"2"
0.562081021291893,0.59982236884708,"2"
-0.224445969492563,0.556231779414062,"1"
0.587934891655057,0.438745199323109,"2"
-0.215055099793721,0.479617528665055,"1"
-0.0789968363098712,-0.46124185125102,"2"
0.681355913115537,-0.119323832548313,"2"
-0.241879930296452,0.562723458455664,"1"
0.676522215599498,0.0851717102812253,"2"
-0.104733588460403,-0.445963141205955,"2"
-0.225867388680195,0.467433889885567,"1"
-0.24376603628334,0.508689867424741,"1"
-0.2358658535146,0.453873955421575,"1"
-0.258795737221838,0.50843629186205,"1"
-0.233060599137766,0.400548917501554,"1"
-0.245791626404774,0.420730298970117,"1"
-0.295633369236056,0.54868034910462,"1"
0.506775419313937,-0.398618189896142,"2"
0.374502934084796,0.77298565105798,"2"
0.573374165592568,-0.282581470348198,"2"
-0.284077021445409,0.491854505396574,"1"
-0.855208782959594,0.162325777660635,"2"
-0.116829224657933,0.83867969374644,"2"
0.0898165986903314,-0.547859441346765,"2"
-0.306376004117244,0.531421288691213,"1"
-1.00652473212087,0.294440272198411,"2"
0.723852849952407,0.0374189502416603,"2"
-0.297726811739899,0.486743828404981,"1"
-0.282590190785232,0.428852372621204,"1"
-0.31382310655683,0.48737778285863,"1"
0.602627568486596,0.0333697906415431,"2"
0.00984074338999765,0.827557155374753,"2"
0.54472705367115,-0.33265977229311,"2"
-0.327202957677148,0.499765092280682,"1"
-1.05450501948874,0.155455432090129,"2"
-0.340255800491091,0.51030603942147,"1"
-0.336171858063078,0.482534137982278,"1"
-0.348602229036066,0.491144105201439,"1"
-0.347283204134334,0.470925990619214,"1"
-0.623662755563837,0.746573670760276,"2"
0.488671170974141,0.482643140033993,"2"
-0.340844772747135,0.441649508409442,"1"
0.581390702839169,0.194497411176954,"2"
0.0210130585307237,-0.400978294535639,"2"
-0.338094414000333,0.421009695172067,"1"
0.533872197955062,-0.273091104588695,"2"
0.589856902216232,0.49518119916316,"2"
-0.363924284452538,0.454325541673227,"1"
-0.370981826027394,0.451681907913042,"1"
-0.359932795237748,0.417406126728846,"1"
0.577199752593335,0.443419483072373,"2"
-0.357899278593868,0.40013702743135,"1"
-0.266750870325163,-0.213125104759645,"2"
-0.382831367796487,0.427899443313557,"1"
0.615036548596984,0.400234607765288,"2"
-0.463947633289988,0.749373595987503,"2"
-0.838487672787997,0.507962968488575,"2"
-0.0232296192364616,-0.376176791919729,"2"
-0.0856032903147118,0.803134324305905,"2"
-0.756812561937589,0.518769850881408,"2"
-0.355660238509661,0.370746261112174,"1"
0.34079385136068,-0.474695754862556,"2"
-0.380623728174879,0.397365205280912,"1"
0.0552890308627398,-0.535980481287342,"2"
-0.39804513123078,0.41090803959089,"1"
-0.423538980005904,0.435284206936773,"1"
-0.35027366912276,0.317358560857179,"1"
0.492792574587504,0.649140607160796,"2"
-0.435280796916397,0.424954461538381,"1"
-0.243322509143451,-0.432064975383332,"2"
-0.922075197678239,0.327115961811331,"2"
-0.446903861993347,0.427559490199982,"1"
-1.03506156082398,0.0831655010536771,"2"
-0.186065517965312,-0.375261526597966,"2"
-0.380661201799763,-0.0678523140370769,"2"
-0.441687606183146,0.40763980044042,"1"
-0.334074598520481,-0.175008126481885,"2"
0.397854533763166,0.749445947387874,"2"
-0.399666394827727,0.341442270371029,"1"
0.507335529152363,-0.387161729846604,"2"
-0.437777019116681,0.378195880622128,"1"
-0.462306486945439,0.396320150883103,"1"
0.550729715590546,0.459802546048755,"2"
-0.475885447225153,0.40030230775875,"1"
-0.231100928876635,0.876705709339684,"2"
0.326319648380533,0.680817092127968,"2"
-0.175491911400063,-0.397039290355088,"2"
-0.453399153161765,0.362309566639468,"1"
-0.205929777210748,-0.365069122921069,"2"
-0.419611526952172,0.313317694286203,"1"
-0.100844612202337,-0.480805721924594,"2"
0.297974555428637,-0.487391711596375,"2"
0.251351843519152,-0.602268777781284,"2"
0.036525158653747,-0.519820159466197,"2"
-0.456800308385337,0.344056425305275,"1"
0.16969461019137,-0.491916807350938,"2"
-0.537814688016634,0.419585063116052,"1"
-0.743478934282074,0.522406223844984,"2"
0.594862344531229,0.52205428807827,"2"
-0.46398218251071,0.330459740281462,"1"
-0.906829385357026,0.0829837717167879,"2"
-0.818582586449222,0.462870957482421,"2"
-0.481618830443391,0.337947291039574,"1"
0.67658509530297,0.264675154717533,"2"
-0.175803537025358,-0.426574322051396,"2"
-0.336771596739197,-0.0853974525663961,"2"
-0.419093098941729,0.265868492582223,"1"
-0.540544059190154,0.373626615879271,"1"
0.221054986765055,-0.448437703470642,"2"
-0.293938163328456,-0.149038742479107,"2"
0.611662670165114,-0.0711193214366558,"2"
0.643660685781735,0.0366984164473022,"2"
-0.497545133561957,0.321930092242094,"1"
0.235726090981684,-0.47860464559523,"2"
-0.441858957993118,0.260993631999115,"1"
-0.236516706113314,-0.444037883826175,"2"
-0.456786390165189,0.818714503387131,"2"
0.549046632785924,-0.304723480268009,"2"
-0.44492217121749,0.255000458358276,"1"
-0.518294149777947,0.309812988259576,"1"
-1.06573633202902,0.0205380001932108,"2"
-0.306002684619551,-0.291784626769292,"2"
0.166207825728502,-0.519051273373922,"2"
-0.544196130719764,0.321545430520922,"1"
0.240128480229568,0.746027579578097,"2"
-0.203015066327839,-0.339832439049406,"2"
-0.529934967321221,0.299402490616314,"1"
0.643262740315125,-0.0379540311741552,"2"
-0.520031292779339,0.281548634936986,"1"
-0.512211176266311,0.265912892070142,"1"
0.688141180825013,0.138073693367823,"2"
-0.576903643518907,0.30567456632645,"1"
-0.0956076776851545,0.822390631891337,"2"
-0.656913174773043,0.354277746492202,"1"
-0.498553607884764,0.228912967859281,"1"
-0.374335817542895,0.761093071411508,"2"
-0.242860461644384,0.877516346739123,"2"
-0.613415390851779,0.300568924003395,"1"
-0.197932306938451,-0.436300345495766,"2"
-0.134931034548306,-0.451936972597481,"2"
0.586069951071327,0.540500690556966,"2"
-0.0572612203736854,0.766525897788224,"2"
0.0610080406456881,0.872235373267202,"2"
0.359127450764632,0.615497554070766,"2"
-0.325368168727545,0.925086348662602,"2"
-0.206042886658141,-0.35001550439832,"2"
-0.312336892628564,-0.329057123622254,"2"
-0.544047542790471,0.242916422463717,"1"
-0.570905267864917,0.251546513912857,"1"
-0.52847849225138,0.214859775806802,"1"
0.511753478361037,0.533944549290682,"2"
-0.522206368916419,0.202392189867555,"1"
-0.558223615508362,0.21588649843668,"1"
-0.635019105634952,0.252220035197137,"1"
-1.01585059774087,0.227447478715808,"2"
-0.392073914080312,-0.153042653928486,"2"
-0.61392934313108,0.2301174216853,"1"
-0.591801917491805,0.208285384635451,"1"
-0.571942453563732,0.188530809766705,"1"
-0.495650605499509,0.737741976444559,"2"
-0.154357668819192,-0.426494816822964,"2"
-0.582606578032202,0.185435775221941,"1"
-0.609765284025231,0.190411531589262,"1"
-0.551091490557268,0.152686372750892,"1"
-0.664571368952722,0.198267627141449,"1"
0.678925404902236,0.191151631660363,"2"
-0.663941778013086,0.18823772900592,"1"
0.540118668458721,0.474656135854089,"2"
-0.727212078948167,0.20652441569307,"1"
-0.656353777648608,0.165823848654551,"1"
-0.634992646450699,0.147704308999991,"1"
0.695831599403338,-0.0136271474358516,"2"
-0.716267263004187,0.170933985014569,"1"
-0.537393915492894,0.0927077014953272,"1"
-0.539081570074839,0.0859602770921142,"1"
0.262775554820595,-0.45155366721331,"2"
0.295501713889862,-0.501835883241021,"2"
-0.675195285917324,0.126499014285264,"1"
0.463176031841295,-0.422632034449801,"2"
0.703280054096418,0.290712804923904,"2"
-0.809617342177432,0.347305053271942,"2"
-0.153819427410452,-0.260212864996849,"2"
-0.379066321282471,0.809474046448419,"2"
-0.644550814652186,0.106908714872788,"1"
-0.645033348960803,0.0983122709092523,"1"
-0.615692107052967,0.0805465299934043,"1"
0.56680358471845,-0.203204801224481,"2"
-0.648118390522873,0.0818657449292402,"1"
-0.361908955344061,0.792776742973479,"2"
-0.590092126282969,0.0569237796442519,"1"
-0.613219383480229,0.0553004039945528,"1"
-0.299889222128982,-0.294578606445794,"2"
-0.639258318688243,0.0538142567921385,"1"
-0.647967756714615,0.450496269194488,"2"
-0.654941464594098,0.0491711730826997,"1"
-0.572987966097354,0.0220745537421555,"1"
-0.637033368900882,0.0282429112640377,"1"
0.342690383952439,0.742880049143284,"2"
-0.682179882554306,0.0289535469252394,"1"
-0.645466288926921,0.013284017228776,"1"
-0.663027184724741,0.00797211232390441,"1"
-0.537204074945013,0.635705169797367,"2"
-0.744656732188422,0.0124125044398483,"1"
0.520786492953308,-0.332863645500403,"2"
0.431343431043482,0.613897694474889,"2"
-0.723312335569841,-0.000311984432512145,"1"
-0.224113238400271,-0.482730491494665,"2"
-0.670496179317857,0.666708971641225,"2"
-0.65877464012996,-0.0181950861192863,"1"
0.644114630150502,0.239192811940966,"2"
0.382343665696574,0.659863842638227,"2"
-0.647606795265466,-0.0279824473581741,"1"
-0.636140123636889,0.661045837816171,"2"
0.0704724798392609,0.863273354166167,"2"
-0.562438908181562,0.616623419830347,"2"
-0.18754198699407,0.903508090327436,"2"
-0.705413679789803,-0.0301071412721029,"1"
-0.628226098508974,-0.0463825419487674,"1"
-0.641626637449309,-0.0533342080685649,"1"
0.699174544565798,-0.22501171413224,"2"
-0.685812922301989,-0.0585445562538092,"1"
0.630256756945079,0.299154912419577,"2"
-0.593188110355245,-0.0724109579074024,"1"
0.17189889636438,-0.420412427586526,"2"
-0.637721861913696,-0.078129911596279,"1"
0.34804212088509,-0.410493181791947,"2"
-0.689758156153488,-0.084786138540818,"1"
-0.80625472068503,-0.0917443044366823,"1"
0.537972529610642,0.54214192520654,"2"
-0.428645176713204,0.723923661807176,"2"
0.485368122063775,-0.437437250925811,"2"
-0.492586326431254,0.707818054007842,"2"
0.678976192497167,0.0590082675200821,"2"
0.00321618634092008,0.715262309707014,"2"
0.719191817626451,0.244709554224525,"2"
-0.707533760351244,-0.102443289363086,"1"
-0.16893826736897,-0.437771169381632,"2"
-0.292150284238615,0.832509090595603,"2"
-0.99271066729347,0.0371655263006746,"2"
0.382672390029873,0.692834356329474,"2"
-0.685913869454434,-0.111348163537504,"1"
-0.24687405168081,-0.467126010116397,"2"
-0.716018615536147,-0.12087065731692,"1"
-0.106092166130424,0.816563128812862,"2"
-0.641166670713439,-0.12749492557751,"1"
0.645346708322904,-0.0216224706730183,"2"
0.0846312123342477,-0.497772635549866,"2"
-0.69589437395558,-0.138446501931205,"1"
-0.718803520966652,-0.148896237507596,"1"
-0.849075581908492,0.356730350063438,"2"
-0.029624672155965,-0.465481948956975,"2"
-0.636670598233748,-0.152206330897269,"1"
0.300772854171565,-0.437982960315768,"2"
-0.42973517960883,-0.227717697836357,"2"
-0.748322774922292,-0.170252718837567,"1"
-0.711969953514966,-0.176458854674722,"1"
-0.714455267001646,0.542181582566739,"2"
0.178071983972059,0.841933850848523,"2"
0.282617912322634,-0.620110768260135,"2"
-0.67196570431654,-0.181349870728272,"1"
0.614691189687445,0.0555096973525832,"2"
-0.724730330819438,-0.196915522150616,"1"
0.352560079215215,-0.37820241447415,"2"
-0.633734558168066,-0.193936701927394,"1"
-0.673624912341257,-0.208520194063244,"1"
0.498440885182581,-0.354938516723316,"2"
0.62853517790761,0.218718971137488,"2"
-0.279774075762526,-0.167827487499646,"2"
-0.675231340357995,-0.217880005322021,"1"
-0.629981384943301,-0.21897702458184,"1"
0.391872558291286,-0.342227310326554,"2"
-0.713555314931651,0.642923321105112,"2"
-0.677052287350347,-0.236630483100446,"1"
-0.650510489045228,-0.24050443440748,"1"
-0.786858223687559,-0.279322638577327,"1"
0.0402089059994223,-0.545823597377993,"2"
-0.605680787167807,-0.248226016816557,"1"
-0.656192897179851,-0.269187667948199,"1"
-0.606172945079097,-0.265540108363528,"1"
0.198606536301788,-0.541867070590169,"2"
-0.678203448145942,-0.293913288770857,"1"
-0.319839479280746,-0.157738038749441,"2"
-0.362069790616368,-0.309240189759509,"2"
0.700724621612527,0.156939665878441,"2"
-0.220319716552736,-0.341952608382774,"2"
-0.704276560973106,-0.31117809264951,"1"
0.107636462638266,0.791973285070962,"2"
-0.629549897716723,-0.298942310689859,"1"
0.0251512160013883,-0.50620727509844,"2"
-0.648763769095147,-0.314277489765751,"1"
-0.652060677096771,-0.325013376223587,"1"
0.57079228472859,-0.223501301817502,"2"
-0.567761298320003,-0.305873020600986,"1"
-0.629756683763687,-0.336735221469044,"1"
-0.645186124594843,-0.352165215324409,"1"
-0.55960576030584,-0.329076884613331,"1"
-0.618144537290257,-0.361467279938607,"1"
-0.591739208009819,-0.360323406409421,"1"
-0.723915271316275,-0.426989323348445,"1"
0.466226322444104,-0.365553170183027,"2"
-0.630418317435827,-0.396912721695315,"1"
-0.979032582006207,0.18863845862091,"2"
-0.325392553096091,-0.0553770881716509,"2"
-0.596970124990367,-0.391876131757835,"1"
-0.587124741606362,-0.397224169918395,"1"
-0.96647311281188,0.224217752102033,"2"
-0.0276920927006359,-0.504643296673789,"2"
-0.554458327546391,-0.391124955013363,"1"
-0.590293669921287,-0.419075488124496,"1"
-0.624471083482354,-0.447465368377536,"1"
-0.596562108446896,-0.443429776762096,"1"
0.352580406233154,0.702305211928777,"2"
-0.563100558570607,-0.435527873575825,"1"
-0.0556284629380815,-0.418936797692711,"2"
0.110238252037619,-0.468019448837912,"2"
-0.553192731431785,-0.440249544523419,"1"
0.693436325810666,0.147349328615811,"2"
-0.532587288541689,-0.438451655509983,"1"
-0.576483421063584,-0.475547600180655,"1"
0.434650133685402,-0.424080204468047,"2"
-0.54070166188232,-0.464256604121588,"1"
-0.0439130275910582,-0.451997002293371,"2"
-0.348322373729694,-0.152450505574834,"2"
-0.163529183704362,-0.26314771940477,"2"
0.198735595005006,-0.501800108232987,"2"
-0.605646893228197,-0.517063316186185,"1"
-0.594386532441127,-0.521737636329674,"1"
-0.638245556453449,-0.563931229992437,"1"
-0.712803325938253,0.556479998403736,"2"
-0.452702133759329,0.676368787997962,"2"
-0.411146839775539,0.79814915674882,"2"
-0.540912155439537,-0.508748812984537,"1"
0.165492244834097,0.670510749059935,"2"
-0.503696469636105,-0.493498273003395,"1"
-0.424873155525038,-0.446141887302536,"1"
-0.311140178547316,-0.133820321278423,"2"
0.676566627995419,0.076497936465721,"2"
-0.486404032035271,-0.502836204428987,"1"
0.298805297006943,-0.533594075693812,"2"
-0.546142254240091,-0.560859279628813,"1"
-0.579817232554061,-0.600682762535381,"1"
0.655059860777912,0.170779151594463,"2"
0.325491688694301,-0.515665140055728,"2"
-1.01062803792353,0.25352552158669,"2"
-0.140866178893445,-0.475584730888285,"2"
-0.339950235333603,-0.23564581848952,"2"
-0.472324978136589,-0.525788755169288,"1"
-0.463860241494234,-0.530368790966417,"1"
0.655477895396602,0.355996147455033,"2"
-0.554702462784344,-0.621131736511175,"1"
-0.273690617551375,-0.309986859546661,"2"
-0.538838760228944,-0.621179617970794,"1"
-0.518098901707613,-0.616379243469381,"1"
-0.461047439615208,-0.576867960039083,"1"
-0.432055539221889,-0.56196024746242,"1"
-0.460341064992584,-0.602540499699436,"1"
-0.0516359399426516,-0.565671179475958,"2"
0.0809661408275968,0.859896973650672,"2"
-0.491958621242492,-0.648295310894373,"1"
0.628397682637613,-0.110038187215237,"2"
0.661124394160668,0.0686805828621139,"2"
0.714822129795214,0.167343698842064,"2"
-0.413419638634917,-0.581545710082757,"1"
-0.39631771569586,-0.576528481070273,"1"
-0.47323266665754,-0.673869678438222,"1"
-0.46985924376953,-0.685819902295336,"1"
-0.414897315659658,-0.638596851045124,"1"
0.204086864879657,-0.460260126194326,"2"
-0.941968961818088,0.308910005816951,"2"
-0.41930881911517,-0.658785458930356,"1"
-0.13005492994263,0.93257664107876,"2"
-0.414178386228856,-0.668151592181139,"1"
-0.400886554487377,-0.667536073465103,"1"
0.289534253204654,-0.446327474591667,"2"
-0.389594171343535,-0.66913984769614,"1"
-0.384843773671044,-0.0726607615454436,"2"
-0.38917126052608,-0.684809416040139,"1"
0.0790173459023309,-0.481307913824227,"2"
0.0530631719889943,-0.490785150714034,"2"
-0.357836581728413,-0.659327459977123,"1"
-0.368815996436452,-0.690803896813616,"1"
-0.29883412066322,-0.047261893761987,"2"
0.649905332767521,-0.0911130930571546,"2"
-0.379712783526786,-0.723613988268487,"1"
-0.397032900615089,0.792466546047223,"2"
-0.400343023998627,-0.772198459836044,"1"
-0.331195164128045,-0.68815132909968,"1"
-0.336835010619296,-0.714718730389458,"1"
-0.326905422335965,-0.717764100551544,"1"
-0.266171870060647,-0.637530186179613,"1"
-0.937096399749031,0.32046007614228,"2"
0.0265528755151674,-0.427244554130935,"2"
-0.342453278621009,-0.783224354548094,"1"
-0.533802989774849,0.670375107877812,"2"
-0.255004858529657,-0.273887388495032,"2"
0.0781317342122575,0.79947924830268,"2"
0.427170366267141,-0.215123732806754,"2"
-0.281759011474495,-0.699641131549287,"1"
-0.278352155952818,-0.713139167640721,"1"
0.66430306106839,-0.104536821139483,"2"
-0.332421104577477,-0.833137495505589,"1"
0.0712089676686435,-0.421552959535062,"2"
-0.930897190939827,0.250624388582934,"2"
0.218737788400989,0.771813324455325,"2"
-0.25386407393658,-0.217277541000253,"2"
-0.286241365384117,-0.769858557276449,"1"
-0.259183419330038,-0.739750086729007,"1"
-0.260739974545111,-0.76534981765248,"1"
-0.00233711819017438,0.814977649991275,"2"
-0.22710709390024,-0.718794976807371,"1"
-0.221805919984135,-0.730090425120129,"1"
-0.242642449587159,-0.800387782578416,"1"
-0.322444008121092,-0.0167219009905702,"2"
-0.22089876224343,-0.776817139003225,"1"
-0.348959878714373,0.91689471429163,"2"
-0.217505580767121,-0.79530796662783,"1"
-0.224073582904273,-0.839711453328232,"1"
-0.205394997478218,-0.822030354495291,"1"
-0.162729296168685,-0.738295574313484,"1"
-0.179348920179522,-0.813138390170179,"1"
-0.166828198331827,0.78780888372989,"2"
-0.164415921123055,-0.802194036540696,"1"
-0.138943802963956,-0.758067379577083,"1"
-0.168756915507242,-0.885094441534774,"1"
-0.137289546398147,-0.820327698870746,"1"
-0.115768571056029,-0.78364979382705,"1"
-0.101077714086041,-0.768006189605559,"1"
-0.208036765834472,0.876967846390816,"2"
-0.0944678285959225,-0.781586832744745,"1"
-0.0936044187426665,-0.819786482730725,"1"
-0.0695540574296609,-0.762645505220421,"1"
-0.0582611358519267,-0.756433951574882,"1"
0.146200653856592,0.780097042574274,"2"
0.635109058442388,-0.0113609073275933,"2"
-0.0699437583674155,-0.860708003865413,"1"
-0.353600042019435,-0.28450307263056,"2"
-0.240534033601929,-0.249531826396715,"2"
-0.0665521651115273,-0.900987850479764,"1"
-0.041133776735835,-0.824345663844519,"1"
-0.0249516127298805,0.708142300636425,"2"
0.544921309196169,-0.133865108346498,"2"
-0.657421547211328,0.547419919459018,"2"
0.586457261296315,0.0202899302648242,"2"
0.588986545431478,0.46089118999875,"2"
-0.385759533876293,0.954480896890449,"2"
0.123056809862626,-0.480447840010941,"2"
-0.0390008632080762,-0.875261062748677,"1"
-0.0357869328781613,-0.927638889624842,"1"
-0.937487199632978,0.3771808356457,"2"
0.135208218392353,-0.471410768964138,"2"
0.00046665962083017,-0.754100703959564,"1"
0.606691177031816,-0.170917772065994,"2"
0.00325642366382645,-0.807757441685199,"1"
0.538662053035052,-0.267119880260204,"2"
0.00959076670535764,-0.842449689353129,"1"
-0.847152376554547,0.342410722536758,"2"
0.010715020701183,-0.937196022516882,"1"
0.0358340242150469,-0.788476930550041,"1"
-0.554222020321627,0.623273577719968,"2"
0.0383504833080676,-0.887627590686263,"1"
0.309830634561104,-0.394607342103472,"2"
-0.063072786273534,-0.47040078381557,"2"
-0.397711735013668,-0.0341426269325879,"2"
0.0555196258679942,-0.7942146784268,"1"
0.068768247995983,-0.731280807836891,"1"
0.0736546697587226,-0.849449669445371,"1"
0.083706402377952,-0.880455136343162,"1"
-0.820719634014975,0.479271718252299,"2"
-0.076040507563793,0.785498630599722,"2"
0.0955832536538676,-0.824466315685522,"1"
0.758011825797222,0.294190932205384,"2"
-0.864379980447789,0.42127994174538,"2"
-0.449130465456229,0.831448609297025,"2"
0.106070623301225,-0.794907187493446,"1"
0.117141021511434,-0.8613459131256,"1"
0.46950459267224,0.54711028146008,"2"
-0.14840310730271,0.825090300570876,"2"
0.130306323804759,-0.942055642319194,"1"
0.288798001003982,0.711857422710738,"2"
-0.432437431188938,0.821522187587679,"2"
0.137951506705425,-0.829199206714059,"1"
-0.313634098135081,-0.129639703887901,"2"
0.104116443431266,-0.514293010574422,"2"
-0.271166953785805,-0.200817677444929,"2"
0.147464918506452,-0.807075812543497,"1"
0.163337671873685,-0.891222029500312,"1"
0.170857433870332,-0.839662603608836,"1"
0.184074920115776,-0.86521960189097,"1"
0.402016675168368,0.638331913254934,"2"
0.449349543155671,-0.368969260859096,"2"
-0.940444893150544,0.053669364984774,"2"
0.189399110063412,-0.807690475549031,"1"
-0.346277820533982,-0.262025564146587,"2"
0.202093317612227,-0.825879812652749,"1"
-1.00160238638733,0.0256676121591449,"2"
-1.03956758627589,0.124449933941815,"2"
-0.334610218433895,0.740713423505592,"2"
0.216592891389832,-0.85401712492081,"1"
0.0253245017126655,-0.405474032970917,"2"
0.220511213046906,-0.802274291173474,"1"
-0.578820812409342,0.791586548540062,"2"
-0.393184359139315,-0.0614312244669735,"2"
-0.904136892332923,0.508651475456495,"2"
-0.465274338426929,0.779549231034558,"2"
0.246952781253765,-0.903865496048747,"1"
0.469881952026089,0.701970697668596,"2"
-0.140821197064154,-0.416040322260358,"2"
0.241643223707344,-0.800767042983354,"1"
0.699400887433259,-0.0598211787318223,"2"
0.27973411093108,-0.95128354517506,"1"
-0.0152943675841998,-0.53858434124174,"2"
-0.514937374691054,0.703019675841626,"2"
-0.460325280229731,-0.104347909015554,"2"
0.262712409120882,-0.798049118042827,"1"
-0.341022481958539,-0.23031315131101,"2"
0.261229531151257,-0.738676171504516,"1"
0.29643853936331,-0.851881934951982,"1"
0.53912535596965,-0.00744126216838157,"2"
0.283927296940723,-0.748567794808138,"1"
-0.028909852699409,0.866649550184091,"2"
0.312496621090067,-0.821604456992757,"1"
0.733866588792345,-0.188325798648438,"2"
-0.619393998049497,0.657939480198118,"2"
0.0330289057550121,-0.421789837054139,"2"
0.32650235396514,-0.83112678171065,"1"
-0.321714545502039,0.771148011552447,"2"
0.629456487995562,-0.248947350637023,"2"
0.405456011669727,-0.435848480576773,"2"
0.549830772942929,0.503442235026879,"2"
-0.69910731959794,0.609070810165639,"2"
0.338162828265194,-0.830849252385667,"1"
0.347331587219951,-0.821638628908464,"1"
-0.279539342845319,-0.11493031926373,"2"
-0.140730050314481,-0.437994316520481,"2"
0.600879154167344,0.308175113231112,"2"
-0.228463398277443,-0.308868194257416,"2"
0.325353907508353,0.797177786322557,"2"
0.360161126418159,-0.82500051651059,"1"
0.37380881553312,-0.830302143025217,"1"
0.376177873875791,-0.800752916542673,"1"
0.378900649912091,-0.774308911718303,"1"
0.0310271269827288,-0.511107852820551,"2"
0.242461221546048,-0.600996649903328,"2"
0.398467901922863,-0.796455583221691,"1"
0.430824762118211,-0.850736111459322,"1"
0.433335783802547,-0.823832781207555,"1"
0.4571153029637,-0.851235507366855,"1"
0.0993581034335975,0.72655724449611,"2"
0.449393380071704,-0.801046381626077,"1"
0.485493696366769,-0.855064214360048,"1"
-0.21250566804269,0.822403068724371,"2"
0.453215121352868,-0.752674225133286,"1"
0.550050402449409,-0.176767675441159,"2"
-0.357321761817449,-0.0555457304889422,"2"
0.473669592274411,-0.77032106919699,"1"
0.468837595653355,-0.733764837176591,"1"
0.296743485444836,-0.412141179333889,"2"
0.626201711699519,-0.135282125167805,"2"
0.463696790719824,-0.698559591288814,"1"
0.503254631046693,-0.7526101508283,"1"
0.532300556143119,-0.783090266691332,"1"
0.554005038176048,-0.797880457126315,"1"
0.53565628660828,-0.739976168777515,"1"
0.584878424164975,-0.802076041447594,"1"
0.496840930978812,0.596932415401087,"2"
-0.241817520752485,-0.339665571769522,"2"
-0.243729435865451,-0.208599425434107,"2"
-0.923482097084031,0.147013491680907,"2"
0.572960841969741,-0.757411964121535,"1"
0.600237494766145,-0.77893188856182,"1"
-0.0667312235218538,0.77194436121708,"2"
0.510980498754423,-0.61377811844571,"1"
0.617968386703603,-0.760427084065525,"1"
0.603086729028918,-0.715668658160255,"1"
0.624564646291631,-0.726065343420158,"1"
0.635576553783448,-0.720632433282139,"1"
0.627466697929795,-0.688618799829334,"1"
-0.632671995241464,0.637760914176879,"2"
-0.37745562270921,-0.388937375382133,"2"
0.646774361700407,-0.694842727085736,"1"
0.6453743010713,-0.673166050015808,"1"
0.660956732309691,-0.673921185931359,"1"
0.677565422402237,-0.675513222999014,"1"
0.672443092379698,-0.650243441184931,"1"
-0.850565657647561,0.398519175608408,"2"
0.706868666510746,-0.672608901180226,"1"
0.699681364902372,-0.645468378261796,"1"
0.170631818932621,-0.451879718261175,"2"
-0.171902411549593,-0.431417110651578,"2"
0.261981877545866,-0.493981168697298,"2"
0.717474386813246,-0.647325081926785,"1"
0.661487901231289,-0.567885853003806,"1"
0.751817408276838,-0.64815688610521,"1"
-0.385261005788371,0.00579162015424448,"2"
0.642101616697212,-0.216420828711377,"2"
0.206410606187239,-0.504922667899414,"2"
-0.295426484394255,-0.353502515699438,"2"
0.676974141682756,-0.552151780946592,"1"
0.70614688652758,-0.566001229873731,"1"
0.00362739650153356,-0.429922062622316,"2"
0.555484943005741,0.543074413705325,"2"
0.681627469875849,-0.525657619649962,"1"
0.422091847027485,0.677758536465739,"2"
0.717237403647917,-0.544863018616507,"1"
-0.205952667938766,-0.381223658116511,"2"
0.204892628427487,0.820732553359994,"2"
-0.750795151429287,0.498445789510694,"2"
-0.765962878629463,0.496192260337607,"2"
0.768119261035998,-0.577033283657769,"1"
-0.291779329146703,-0.398750957124926,"2"
0.719400934557842,-0.51591983644516,"1"
0.770840466673035,-0.546832891900036,"1"
0.776316750333186,-0.535740929667175,"1"
0.419538055770045,0.587908255929889,"2"
0.836762210468888,-0.571346561225181,"1"
0.779237518579813,-0.507161952829917,"1"
0.366386618533524,-0.548376327835403,"2"
0.788665468588383,-0.499649086803434,"1"
-0.0911182761991179,-0.394941076696052,"2"
0.634643352452392,0.17713990425751,"2"
0.362892180633279,-0.452414421811054,"2"
0.0944072597195577,0.823045012061242,"2"
-0.0175252206583819,0.870071418333581,"2"
0.642409525884098,0.293433245581434,"2"
0.790828149428793,-0.486330985047523,"1"
-0.532503808678807,0.758356491430483,"2"
0.842971892878644,-0.511389180123264,"1"
0.754779368752285,-0.43020546819134,"1"
0.790677663377747,-0.44265332749453,"1"
0.841932316084051,-0.464778980046025,"1"
0.91299511092715,-0.498794806322011,"1"
0.572756517039901,-0.313001770215379,"2"
0.861005434067276,-0.448227683321156,"1"
0.84026570320352,-0.420104915971703,"1"
0.815675926773491,-0.39051485026521,"1"
0.888135745466624,-0.421587928735807,"1"
-0.980278971325897,0.0479038603015659,"2"
0.941414700689046,-0.438886733117833,"1"
0.0108966961478239,0.706424953860389,"2"
-0.910667289951754,0.229983860555728,"2"
0.893092121740563,-0.395680359930048,"1"
-0.299397849521488,-0.31377604645161,"2"
0.825249898680732,-0.343324763617829,"1"
0.232259817096818,0.667267456479306,"2"
0.303304402306702,-0.354539818009014,"2"
-0.68233375105417,0.541851053114421,"2"
0.90259927455701,-0.372686156790855,"1"
0.634350265225697,0.0214399477930131,"2"
0.920172235173144,-0.368010334565122,"1"
0.876683933740631,-0.331582363919233,"1"
0.967223958076754,-0.363384527779843,"1"
0.88886834637815,-0.311119579872391,"1"
0.866944794892812,-0.287759159720797,"1"
1.00253066870151,-0.33620864763166,"1"
0.699391896681065,0.120499342816734,"2"
0.949731724467073,-0.298609030567701,"1"
0.85375128045822,-0.244583165968892,"1"
0.859034192407907,-0.234615880983977,"1"
0.249066692863861,0.741717709657261,"2"
0.484003161760544,0.523693324848509,"2"
0.55760436048131,-0.189337168609105,"2"
0.616704185970939,0.351169098068178,"2"
-1.01253915777762,0.0920987479613405,"2"
0.848065984175721,-0.218247003794398,"1"
-0.274186151508321,0.856965555031312,"2"
0.681377499104683,0.21889539437509,"2"
0.370021182105598,0.659652671881793,"2"
0.0721049008857718,-0.491516263448373,"2"
0.912928467736107,-0.23083473915716,"1"
0.241190315843079,-0.448824990027306,"2"
0.992590185846393,-0.246998467822975,"1"
0.563717793427437,0.405515451800839,"2"
0.681573254110872,0.20058208105848,"2"
-0.860584980988866,0.39066061977655,"2"
0.933679920779527,-0.212820798675133,"1"
0.961127768263806,-0.209205422824589,"1"
-0.427197622302341,-0.233657775548753,"2"
-0.643595440472849,0.615238107722861,"2"
0.879097755878989,-0.169953222931588,"1"
0.677024765520753,0.353642496409393,"2"
0.936373077085024,-0.175613015960211,"1"
1.00703631368894,-0.183663525671087,"1"
0.913490164724975,-0.144238233376455,"1"
0.970984624113161,-0.147333729300752,"1"
0.64067148742696,0.455995029650617,"2"
-0.248193577944432,0.839664892685137,"2"
0.156715889900463,-0.495523584676598,"2"
1.01575813380338,-0.145747270860172,"1"
0.981016303156107,-0.124167071929112,"1"
-0.313749485805167,-0.271260851928547,"2"
-0.180351354452025,0.720211313721822,"2"
1.05254625688885,-0.127353297672842,"1"
0.887152554608569,-0.078843877648226,"1"
0.141010065282812,-0.465164623779636,"2"
0.619308070033953,0.489954669840423,"2"
0.942657299000479,-0.0783210236064856,"1"
-0.362274402708307,-0.275439706916182,"2"
0.548059475581705,-0.119690437594048,"2"
0.170058821598788,0.757973729869311,"2"
0.994198712463668,-0.0756472690949075,"1"
1.02115477961897,-0.0674609422044503,"1"
0.933022491099202,-0.0404455097122865,"1"
1.00468483014069,-0.038899724071505,"1"
-0.220921959349074,-0.389128428238463,"2"
1.12323212649603,-0.0417078645830272,"1"
1.03929736276134,-0.0173925339326757,"1"
